,Cumul total,Ret ann.,Vol ann.,Sharpe (rf=0),Max DD,Calmar
Portefeuille global,0.529763212285866,0.08562269148835511,0.08770128729528082,0.9762991414261993,-0.14548065968043233,0.5885503384191189
Core choisi,0.6286774001167696,0.09884757018503998,0.11638117728282978,0.8493432743408361,-0.17863388877758557,0.5533528428534277
Satellite dynamique,0.21981223756641266,0.0391452383692068,0.04213859510740802,0.9289640119569391,-0.06690388598727426,0.5850966321545596
