,Global,Core,Satellite
2021,0.19932507050726422,0.24900467175943786,0.05731725866091075
2022,-0.10158536323101552,-0.14279375486655332,0.026382416517991114
2023,0.13082428899725573,0.1734937898721829,0.02629260547046508
2024,0.17603686294477594,0.20825449815820263,0.05431535591267056
2025,0.0868581152639174,0.0629888675719501,0.17780560670813195
