,"TER intégré (bps/an, info)",Turnover allocation cumulé,Coût switching cumulé (bps)
2021,37.86757596568748,0.0,0.0
2022,25.375563545815684,0.0,0.0
2023,30.476371248089443,0.48000000000000054,4.800000000000005
2024,30.509615564163834,0.020000000000000018,0.20000000000000018
2025,27.690121834664346,0.0,0.0
