,Global,Core,Satellite
2021,0.12090369671608991,0.16905333417114,-0.015045327438965361
2022,-0.08678906988104607,-0.14405285100699272,0.0716950221362751
2023,0.12941482702157603,0.17414049192562642,0.0036663332441202456
2024,0.16430585792376906,0.21154173512805774,0.03012910022135662
2025,0.04734772014935862,0.0621610380739781,0.015346483591688331
