,Cumul total,Ret ann.,Vol ann.,Sharpe (rf=2%),Max DD,Calmar
Portefeuille global,0.5616556374345818,0.09149810063723907,0.09220908442685977,0.77539106999757,-0.15151355247027876,0.603893837517852
Core choisi,0.612867385750477,0.09843767139548487,0.11570973836817669,0.677883058951392,-0.17903871512207614,0.5498122086519998
Satellite dynamique,0.33965277169855757,0.059115046940403815,0.048810091627281005,0.801372126876762,-0.05806901135329201,1.0180136627563319
