,Cumul total,Ret ann.,Vol ann.,Sharpe (rf=0),Max DD,Calmar
Portefeuille global,0.5297632122858673,0.08562269148835533,0.08770128729528089,0.9762991414262011,-0.14548065968043256,0.5885503384191194
Core choisi,0.6286774001167692,0.09884757018503976,0.11638117728282982,0.8493432743408339,-0.17863388877758546,0.5533528428534268
Satellite dynamique,0.21981223756641266,0.0391452383692068,0.04213859510740802,0.9289640119569391,-0.06690388598727426,0.5850966321545596
