,Global,Core,Satellite
2021,0.19445043451449462,0.2593293024744545,0.0151668940854226
2022,-0.09598431858440248,-0.14405285100699272,0.028896988036571702
2023,0.13386624072695819,0.17414049192562642,0.01786233384693814
2024,0.19374927086024152,0.21154173512805774,0.1382277068248352
2025,0.04665890249913507,0.0621610380739781,0.008011407976079354
