,Global,Core,Satellite
2021,0.19445043451449506,0.2593293024744583,0.0151668940854226
2022,-0.0959843185844017,-0.14405285100699017,0.028896988036571702
2023,0.1338662407269593,0.17414049192562575,0.01786233384693814
2024,0.1937492708602384,0.21154173512805774,0.1382277068248352
2025,0.0466589024991344,0.0621610380739801,0.008011407976079354
