,TER global moyen (bps/an),Turnover allocation cumulé
2021,33.29906536942311,0.0
2022,29.385799070447977,0.10000000000000003
2023,29.198650084277222,0.0
2024,41.88888588139995,0.0
2025,41.864695737881505,0.10000000000000003
