strategie,poids,IS_ret_ann,IS_vol_ann,IS_sharpe,OOS_ret_ann,OOS_vol_ann,OOS_sharpe,OOS_mdd
Max Sharpe,"[23.2%, 50.0%, 26.8%]",0.07152807378149209,0.07046350085018607,1.015108147033021,0.009983815267895046,0.05566621830850981,0.17935141942934535,-0.1698274604181047
Min Variance,"[5.0%, 50.0%, 45.0%]",0.050474704416591396,0.05593080882436123,0.9024490343970607,-0.01365735005784563,0.04986444703774874,-0.2738895319044979,-0.18307177373614159
Equal Weight,"[33.3%, 33.3%, 33.3%]",0.08206223520651904,0.08810953091882495,0.9313661569952373,0.029441594397468407,0.0617349628498842,0.4769030876240923,-0.15991941936547038
Risk Parity,"[13.2%, 47.7%, 39.1%]",0.059839198147699044,0.06127945156680405,0.9764969597103051,-0.0020829970169778944,0.05074609119457748,-0.04104743770295504,-0.17370340267351225
Max Sharpe Rolling,rolling,0.09885588653531552,0.089263322108716,1.1074636726483975,0.0444794902010992,0.07233151316543625,0.6149393017586394,-0.14880142749952596
Risk Parity + Tilt,rolling,0.10249565736809285,0.1238423949292301,0.8276298066317607,0.06005295106709263,0.08258015424303033,0.7272080273713103,-0.1525100195020156
