,TER global moyen (bps/an),Turnover allocation cumulé
2021,38.07730252818748,0.0
2022,26.09821739196953,0.0
2023,31.597128449661838,0.0
2024,34.910457923384676,0.0
2025,31.67050454566832,0.0
