,Cumul total,Ret ann.,Vol ann.,Sharpe (rf=0),Max DD,Calmar
Portefeuille global,0.5580564450754921,0.09100354040481173,0.09023002423929534,1.0085727137063045,-0.14472723810552113,0.6287934572375432
Core choisi,0.6136796485469989,0.0985463037878953,0.11571159829477284,0.8516545034392377,-0.1790199913552487,0.5504765308157078
Satellite dynamique,0.36778541452558255,0.06344717538971345,0.04693623702127547,1.3517737981626823,-0.0474627783210424,1.3367775261816994
