Poche,Instrument,Poids_dans_poche,Poids_dans_portefeuille,TER,Contribution_TER_portefeuille
Core,SWDA,0.3333333333333333,0.2333333333333333,0.002,0.0004666666666666666
Core,CBE3,0.3333333333333333,0.2333333333333333,0.0015,0.00035
Core,ICOV,0.3333333333333333,0.2333333333333333,0.002,0.0004666666666666666
Satellite,DBMF,0.5,0.15,0.0085,0.001275
Satellite,GLD,0.5,0.15,0.004,0.0006
SYNTHÈSE,TER Core (pondéré),,0.7,0.001833333333333333,0.0012833333333333332
SYNTHÈSE,TER Satellite (pondéré),,0.3,0.00625,0.001875
SYNTHÈSE,TER Total (pondéré),,1.0,0.0031583333333333333,0.0031583333333333333
CONTRAINTE,Budget frais (80 bps),,,0.008,
