,portfolio,core,satellite
2021,0.12775577398200477,0.1574684955839245,0.014863044019319815
2022,-0.09670546018488202,-0.13173619584976481,0.04802748318148087
2023,0.09037901154391315,0.10826865792024387,0.020110951608965477
2024,0.1343307901184334,0.14862707534231445,0.07606805746042733
2025,0.0456521514514463,0.041613206641673006,0.059057146023888674
